date,baseline_reg,baseline_clf,xgboost_reg,xgboost_clf,lstm_reg,lstm_clf,buy_and_hold
2024-02-15,10000.0,10143.661243144496,10143.661243144496,10143.661243144496,,,
2024-02-16,10000.0,10014.287342286812,10138.589412522922,10014.287342286812,,,
2024-02-20,10000.0,9979.702743226113,10098.506238357408,9979.702743226113,,,
2024-02-21,10000.0,10069.367242472183,10189.238149747274,10069.367242472183,,,
2024-02-22,10000.0,9797.81036618877,10184.143530672403,9797.81036618877,,,
2024-02-23,10000.0,9937.43191760879,10184.143530672403,9937.43191760879,,,
2024-02-26,10000.0,10102.6716181649,10348.393482216616,10102.6716181649,,,
2024-02-27,10000.0,10060.400792547576,10343.219285475509,10060.400792547576,,,
2024-02-28,10000.0,10024.534992849149,10343.219285475509,10024.534992849149,,,
2024-02-29,10000.0,10243.573392952898,10343.219285475509,10243.573392952898,,,
2024-03-01,10000.0,10086.018941683666,10343.219285475509,10086.018941683666,,,
2024-03-04,10000.0,10010.444717643371,10260.546257671847,10010.444717643371,,,
2024-03-05,10000.0,10135.97501658787,10255.415984543013,10135.97501658787,,,
2024-03-06,10000.0,10110.35686745178,10255.415984543013,10110.35686745178,,,
2024-03-07,10000.0,9992.51181779416,10255.415984543013,9992.51181779416,,,
2024-03-08,10000.0,9982.264167231824,10239.771009091139,9982.264167231824,,,
2024-03-11,10000.0,9934.869516333332,10234.651123586593,9934.869516333332,,,
2024-03-12,10000.0,10211.550217897911,10514.563253971572,10211.550217897911,,,
2024-03-13,10000.0,10408.81309350901,10509.305972344588,10408.81309350901,,,
2024-03-14,10000.0,10380.632543097461,10509.305972344588,10403.608686962256,10000.0,9967.926259547188,9967.926259547188
2024-03-15,10000.0,10595.828318557775,10509.305972344588,10403.608686962256,10000.0,10174.566424512936,10174.566424512936
2024-03-18,10000.0,10691.89784372274,10509.305972344588,10403.608686962256,10000.0,10266.816481400929,10266.816481400929
2024-03-19,10000.0,10462.61179305665,10278.680922366162,10175.303147119708,10000.0,10046.646233018319,10046.646233018319
2024-03-20,10000.0,10384.475167740899,10273.54158190498,10099.312193311376,10000.0,9971.61611167613,9971.61611167613
2024-03-21,10000.0,10328.1140669178,10273.54158190498,10044.498797008075,10000.0,9917.495778008688,9917.495778008688
2024-03-22,10000.0,10497.196392117346,10436.59372609385,10208.938035484556,10000.0,10079.855840594912,10079.855840594912
2024-03-25,10000.0,10454.926543769769,10394.567911048744,10167.828938690502,10000.0,10039.266528760436,10039.266528760436
2024-03-26,10000.0,10420.340967439322,10360.182004997227,10134.193099892233,10000.0,10034.246895496055,10006.055982767739
2024-03-27,10000.0,10653.469642748849,10591.964776246039,10360.919943101224,10000.0,10034.246895496055,10229.916083279291
2024-03-28,10000.0,10722.639818139995,10660.735616721324,10428.190670264341,10000.0,10094.379497063193,10296.336236848578
2024-04-01,10000.0,10907.093619183048,10655.405248912964,10422.976574929211,10000.0,10268.025791164617,10473.45664636668
2024-04-02,10000.0,10942.959418881477,10655.405248912964,10452.038964097086,10000.0,10301.790143904425,10507.896517458286
2024-04-03,10000.0,11091.546442956354,10655.405248912964,10593.960112274808,10000.0,10296.639248832473,10650.576117468672
2024-04-04,10000.0,11132.537045205698,10689.45631827581,10633.111803830265,10000.0,10296.639248832473,10689.937042620346
2024-04-05,10000.0,11071.05211910143,10630.418524001681,10574.38519992478,10000.0,10296.639248832473,10630.896593308942
2024-04-08,10000.0,10917.341269745384,10482.825445877217,10569.09800732482,10000.0,10296.639248832473,10483.296877654597
2024-04-09,10000.0,11042.87156868988,10477.584033154279,10685.33956982139,10000.0,10409.884242295331,10603.836426475222
2024-04-10,10000.0,10890.440942701816,10477.584033154279,10679.996900036482,10000.0,10266.19107683143,10457.466035919784
2024-04-11,10000.0,10972.421169930754,10477.584033154279,10679.996900036482,10000.0,10343.472123731406,10536.186947807024
2024-04-12,10000.0,10940.397994875766,10477.584033154279,10643.487171130448,10000.0,10338.300387669542,10505.436928844361
2024-04-15,10000.0,10933.992968956869,10477.584033154279,10638.165427544884,10000.0,10338.300387669542,10499.286549685385
2024-04-16,10000.0,10591.98569391433,10477.584033154279,10638.165427544884,10000.0,10338.300387669542,10170.876572383995
2024-04-17,10000.0,10597.109519195496,10477.584033154279,10637.992509350028,10000.0,10338.300387669542,10175.796688027955
2024-04-18,10000.0,10649.62701810541,10524.270391768918,10632.673513095351,10000.0,10338.300387669542,10226.22623115035
2024-04-19,10000.0,10612.480017769254,10487.560648308776,10632.673513095351,10000.0,10338.300387669542,10190.556096543725
2024-04-22,10000.0,10677.807568516959,10552.119229274289,10632.673513095351,10000.0,10338.300387669542,10253.286397984071
2024-04-23,10000.0,10607.356192488087,10482.497135510863,10632.673513095351,10000.0,10338.300387669542,10185.635980899768
2024-04-24,10000.0,10704.70691829078,10578.7019471386,10632.673513095351,10000.0,10428.012660145254,10279.116301302774
2024-04-25,10000.0,10740.57271798921,10573.41259616503,10662.981630272041,10000.0,10462.951404024583,10313.556172394383
2024-04-26,10000.0,10584.299467357705,10414.28478659847,10507.837314923225,10000.0,10310.71748968519,10163.495929710005
2024-04-29,10000.0,10494.634968111635,10326.060560396618,10502.583396265763,10000.0,10223.370629986868,10077.396251980987
2024-04-30,10000.0,10119.32331737638,9956.777508028383,10121.736200239913,10000.0,9857.75999951926,9717.005992201915
2024-05-01,10000.0,10112.918291457485,9950.47536548313,10115.329647086754,10000.0,9851.52053010822,9710.85561304294
2024-05-02,10000.0,10005.320892362202,9844.606294040907,10007.706592133634,10000.0,9746.704298470235,9607.535999768119
2024-05-03,10000.0,10052.715543260692,9891.239648788713,10055.112543959805,10000.0,9792.873896887559,9653.046365662662
2024-05-06,10000.0,10039.9054914229,9886.29402896432,10042.299437653488,10000.0,9780.39495806548,9640.74560734471
2024-05-07,10000.0,10118.04211673865,9886.29402896432,10120.454694108725,10000.0,9856.511915235176,9715.775728686898
2024-05-08,10000.0,10152.627693069096,9886.29402896432,10155.048517131348,10000.0,9890.203526839794,9748.986274679595
2024-05-09,10000.0,10024.534992849141,9886.29402896432,10026.925274090338,10000.0,9885.258425076374,9625.986198828938
2024-05-10,10000.0,10134.694793219884,9989.99154981264,10021.911811453292,10000.0,9988.945083456367,9731.766339133792
2024-05-13,10000.0,9993.792041162136,9984.996554037732,10021.911811453292,10000.0,9983.950610914639,9596.465504965185
2024-05-14,10000.0,10071.928666477887,10058.071913417596,10095.257335743843,10000.0,10057.018315542777,9671.495626307375
2024-05-15,10000.0,10148.78506842566,10053.04287746089,10172.291753009373,10000.0,10133.760940282367,9745.296422550655
2024-05-16,10000.0,10255.101266883214,10053.04287746089,10278.854201764518,10000.0,10239.91974963585,9847.38577231046
2024-05-17,10000.0,10221.797868460242,10015.369141372756,10245.47366578498,10000.0,10206.665653126569,9815.406428248883
2024-05-20,10000.0,10152.627693069098,9947.59585441965,10240.350928952088,10000.0,10201.562320300007,9748.986274679597
2024-05-21,10000.0,9936.150716971057,9942.622056492439,10240.350928952088,10000.0,10201.562320300007,9541.11584619883
2024-05-22,10000.0,9846.486217724987,9942.622056492439,10240.350928952088,10000.0,10201.562320300007,9455.016168469812
2024-05-23,10000.0,9955.364817458,9942.622056492439,10240.350928952088,10000.0,10309.266431764785,9559.566045259651
2024-05-24,10000.0,10225.64049310368,9942.622056492439,10240.350928952088,10000.0,10589.15009261972,9819.096280377826
2024-05-28,10000.0,10148.78506842566,9942.622056492439,10240.350928952088,10000.0,10583.855517573413,9745.296422550653
2024-05-29,10000.0,9979.70274322611,9942.622056492439,10240.350928952088,10000.0,10583.855517573413,9582.93635996443
2024-05-30,10000.0,9861.856716298746,9820.242588453371,10240.350928952088,10000.0,10583.855517573413,9469.775576985585
2024-05-31,10000.0,9507.040366688161,9815.332467159145,10240.350928952088,10000.0,10197.770693752285,9129.06577978235
2024-06-03,10000.0,9382.790291111645,9815.332467159145,10101.396844323772,10000.0,10064.493277170528,9009.755556060636
2024-06-04,10000.0,9487.826266201218,9920.302884579745,10214.477285684097,10000.0,10177.160600253672,9110.615580721531
2024-06-05,10000.0,9677.40389252544,10118.521888649782,10418.574230930755,10000.0,10380.511915421563,9292.65610588359
2024-06-06,10000.0,9674.841491249983,10115.842687318396,10415.815581173621,10000.0,10377.763343876199,9290.195578853558
2024-06-07,10000.0,9957.926241463712,10411.831081849801,10720.581148106734,10000.0,10681.4155067189,9562.025633873576
2024-06-10,10000.0,9978.421542588383,10433.260605237228,10742.64613769734,10000.0,10703.399885990197,9581.706096449412
2024-06-11,10000.0,10055.276967266404,10513.619274308248,10825.387744428886,10000.0,10785.839211711756,9655.505954276585
2024-06-12,10000.0,10070.648443109909,10529.691416848818,10841.936486621842,10000.0,10802.32749616523,9670.266301208461
2024-06-13,10000.0,10048.87194134751,10506.9222927957,10818.49217215267,10000.0,10796.926332417148,9649.35557511761
2024-06-14,10000.0,10289.686843213663,10758.71408351839,11077.75053925923,10000.0,11050.26942455913,9880.596318303154
2024-06-17,10000.0,10448.521517850877,10753.33472647663,11248.750000119979,10000.0,11220.844678738122,10033.11614960146
2024-06-18,10000.0,10525.376942528901,10827.055575991386,11331.491606851527,10000.0,11303.381024340437,10106.916007428634
2024-06-20,10000.0,10340.924118755594,10637.315960484344,11132.911961119135,10000.0,11105.294004796198,9929.796536326641
2024-06-21,10000.0,10456.206767137755,10755.902843196141,11257.02384515815,10000.0,11099.7413577938,10040.495853859346
2024-06-24,10000.0,10353.73319332364,10750.524891774545,11146.702053554956,10000.0,11099.7413577938,9942.096356228483
2024-06-25,10000.0,10362.699643248248,10754.459705347179,11156.355223471692,10000.0,11099.7413577938,9950.706324001387
2024-06-26,10000.0,10470.29704234353,10749.082475494506,11150.777045859957,10000.0,11099.7413577938,10054.025937276208
2024-06-27,10000.0,10444.678893207438,10749.082475494506,11117.918547011801,10000.0,11099.7413577938,10029.426297472519
2024-06-28,10000.0,10680.368992522675,10749.082475494506,11112.359587738294,10000.0,11099.7413577938,10255.745986597996
2024-07-01,10000.0,10607.35619248809,10749.082475494506,11030.837447493062,10000.0,11099.7413577938,10185.635980899768
2024-07-02,10000.0,10744.415342632652,10882.598349756185,11025.322028769318,10000.0,11099.7413577938,10317.246024523325
2024-07-03,10000.0,10652.189419380873,10877.157050581307,11025.322028769318,10000.0,11099.7413577938,10228.686758180382
2024-07-05,10000.0,10545.872243653572,10763.155943543703,10909.768036960528,10000.0,11099.7413577938,10126.59647000447
2024-07-08,10000.0,10428.027193995953,10642.882853055347,10787.856626850054,10000.0,10970.157216523097,10013.43662544173
2024-07-09,10000.0,10516.410492604293,10733.08717221907,10879.289678937204,10000.0,11063.135366945131,10098.30603965573
2024-07-10,10000.0,10583.019243989726,10801.06830851603,10948.196831428451,10000.0,11133.206959692341,10162.266604611092
2024-07-11,10000.0,10530.500767810066,10795.667774361773,10893.866153079913,10000.0,11077.958164331048,10111.836123072591
2024-07-12,10000.0,10492.07354410593,10750.875086445514,10854.112959865492,10000.0,11037.533194431506,10074.936663367058
2024-07-15,10000.0,10344.766743399032,10745.499648902292,10701.723191731693,10000.0,10882.568239627004,9933.486388455582
2024-07-16,10000.0,10612.480017769258,10745.499648902292,10978.674178460362,10000.0,11164.199333807741,10190.556096543723
2024-07-17,10000.0,10608.637393125817,10736.236109960895,10974.69896023806,10000.0,11160.156939625369,10186.866244414781
2024-07-18,10000.0,10264.06771680782,10387.52201368309,10618.239565097734,10000.0,10797.673849493876,9855.99574008336
2024-07-19,10000.0,10219.235467184786,10342.150530102599,10571.860334185205,10000.0,10750.510870573158,9812.945901218849
2024-07-22,10000.0,9858.014091655305,9976.584451073228,10198.174656417774,10000.0,10370.51039629278,9466.08572485664
2024-07-23,10000.0,9938.712140976766,10058.253121518115,10281.65727206032,10000.0,10455.40375835007,9543.575434812756
2024-07-24,10000.0,10027.096416854853,10147.70046702263,10373.091335138879,10000.0,10548.382936847938,9628.445787442863
2024-07-25,10000.0,9883.633218061143,10002.511719565055,10224.677796218793,10000.0,10397.461404301643,9490.686303076434
2024-07-26,10000.0,9710.707290948407,9827.505871573752,10045.784888283973,10000.0,10215.545441488279,9324.635449945163
2024-07-29,10000.0,9572.367917435864,9687.502577814543,9902.67197732409,10000.0,10210.437668767536,9191.796081222692
2024-07-30,10000.0,9979.702743226106,10099.736751105038,10324.062295741953,10000.0,10639.819181421388,9582.936359964426
2024-07-31,10000.0,9774.753641058382,9892.322559267073,10112.041221299412,10000.0,10421.313536056412,9386.13548787049
2024-08-01,10000.0,9417.374890172341,9530.645323255436,10106.985200688763,10000.0,10040.295645389207,9042.965163637224
2024-08-02,10000.0,9343.081866769775,9525.88000059381,10106.985200688763,10000.0,9961.088442952147,8971.625832840082
2024-08-05,10000.0,9376.385265192745,9525.88000059381,10106.985200688763,10000.0,9996.59472469864,9003.605176901658
2024-08-06,10000.0,9636.414267545839,9785.29190015401,10382.221948325103,10000.0,10273.823579920829,9253.29611914802
2024-08-07,10000.0,9759.383142484625,9910.160580816906,10377.030837350942,10000.0,10404.926341992534,9371.376079354719
2024-08-08,10000.0,9842.642615811797,9994.706370084532,10460.371085441566,10000.0,10493.693088270904,9451.32537792476
2024-08-09,10000.0,10255.101266883208,9989.70901689949,10455.140899898846,10000.0,10488.446241726768,9847.385772310454
2024-08-12,10000.0,10036.062866779459,9989.70901689949,10455.140899898846,10000.0,10488.446241726768,9637.055755215762
2024-08-13,10000.0,9860.576492930759,9989.70901689949,10455.140899898846,10000.0,10488.446241726768,9468.546251886672
2024-08-14,10000.0,10011.725918281096,9989.70901689949,10455.140899898846,10000.0,10488.446241726768,9613.686378927092
2024-08-15,10000.0,9818.305667313436,9989.70901689949,10455.140899898846,10000.0,10488.446241726768,9427.95600163609
2024-08-16,10000.0,9526.254467175098,9989.70901689949,10138.919095729307,10000.0,10488.446241726768,9147.515978843168
2024-08-19,10000.0,9483.983641557776,9940.386851035228,10133.849636181443,10000.0,10436.661661783777,9106.925728592587
2024-08-20,10000.0,9213.707965912092,9657.104543316937,9839.987078554686,10000.0,10139.236456434024,8847.395493474412
2024-08-21,10000.0,9352.048316694381,9652.275991045279,9835.067085015411,10000.0,10291.473268501119,8980.235800612987
2024-08-22,10000.0,9585.176992003908,9888.062629985207,10075.318960725956,10000.0,10548.020010864093,9204.09590112454
2024-08-23,10000.0,9916.93661648411,10230.305652487266,10424.043250086199,10000.0,10542.74600085866,9522.66564713801
2024-08-26,10000.0,9674.841491249976,9980.560471701745,10169.568491027958,10000.0,10542.74600085866,9290.195578853556
2024-08-27,10000.0,9545.467590392293,9975.570191465895,10164.483706782446,10000.0,10542.74600085866,9165.965239487881
2024-08-28,10000.0,9723.517342786194,9975.570191465895,10348.997604674589,10000.0,10734.126420683348,9336.936208263112
2024-08-29,10000.0,9421.218492085522,9660.447370080925,10027.252913786764,10000.0,10400.408284966165,9046.655954182273
2024-08-30,10000.0,9010.040064382094,9238.828068514096,9589.624799043531,10000.0,9946.494226006742,8651.82488489549
2024-09-03,10000.0,8864.014464312924,9089.094504290131,9434.205876850921,10000.0,9785.291525734758,8511.604873499029
2024-09-04,10000.0,8857.610415663774,9084.549957037987,9429.488773912495,10000.0,9778.221875382853,8505.45543275616
2024-09-05,10000.0,8668.032789339553,8885.572915089646,9222.95660752107,10000.0,9568.940590045611,8323.4149075941
2024-09-06,10000.0,8801.249314840674,9022.132752783258,9364.701599027403,10148.687149943593,9716.002910771978,8451.335099088716
2024-09-09,10000.0,8422.09503946198,8633.462907868878,8961.274026202054,9711.48579537072,9297.441418939303,8087.254987180703
2024-09-10,10000.0,8621.91933907879,8838.302163511238,9173.890993544486,9941.902436147848,9518.034360607953,8279.134805214575
2024-09-11,10000.0,8834.553690533392,9056.272962655692,9169.304048047714,10187.090299035126,9752.768760664025,8483.315381566397
2024-09-12,10000.0,8793.564065553797,9014.254628118897,9122.176631848053,10181.996753885609,9747.892376283693,8443.955394830833
2024-09-13,10000.0,8978.016889327104,9203.336632636416,9313.522396336697,10390.482189239527,9747.892376283693,8621.074865932827
2024-09-16,10000.0,9118.919641384851,9198.734964320098,9459.690637405092,10385.286948144907,9896.003758538618,8756.375700101435
2024-09-17,10000.0,9083.053841686422,9198.734964320098,9454.960792086391,10385.286948144907,9857.081594227853,8721.935829009828
2024-09-18,10000.0,9216.269389917798,9198.734964320098,9454.960792086391,10385.286948144907,10001.64933008228,8849.85508208834
2024-09-19,10000.0,9212.42676527436,9198.734964320098,9446.291167227626,10385.286948144907,9997.479249698905,8846.165229959397
2024-09-20,10000.0,9013.88366629528,9198.734964320098,9242.707901928883,10385.286948144907,9782.016965678764,8655.515675440542
2024-09-23,10000.0,9166.313315013598,9349.69118099831,9399.007092250704,10385.286948144907,9777.125957195925,8801.885127579872
2024-09-24,10000.0,8926.780591054921,9105.36645416525,9153.393649425638,10385.286948144907,9777.125957195925,8571.875586325452
2024-09-25,10000.0,8668.032789339555,8841.44223985344,8888.077339601967,10385.286948144907,9777.125957195925,8323.414907594104
2024-09-26,10000.0,8733.36034008726,8908.076709362747,8955.063279499018,10458.364123973874,9777.125957195925,8386.145209034448
2024-09-27,10000.0,8732.079139449532,8906.769877500035,8953.749554616748,10456.829861987255,9770.803071170561,8384.914945519433
2024-09-30,10000.0,8944.713490904132,9123.658112960644,9171.781789463497,10711.463518011924,10008.731328696631,8589.095521871253
2024-10-01,10000.0,8979.298089964832,9119.096283904164,9207.24434465695,10706.107786252918,10003.726963032284,8622.305129447843
2024-10-02,10000.0,9441.712815940446,9119.096283904164,9202.640722484623,10706.107786252918,10003.726963032284,9066.335478342005
2024-10-03,10000.0,9527.534690543076,9119.096283904164,9202.640722484623,10706.107786252918,10003.726963032284,9148.745303942082
2024-10-04,10000.0,9881.07081678568,9119.096283904164,9539.51975962436,10706.107786252918,10003.726963032284,9488.225776046405
2024-10-07,10000.0,9423.779916091231,9119.096283904164,9534.749999744548,10706.107786252918,10003.726963032284,9049.115542796204
2024-10-08,10000.0,9381.509090473908,9073.632583475473,9487.214037390913,10706.107786252918,9953.852893096158,9008.525292545623
2024-10-09,10000.0,9715.831116229567,9069.095767183737,9482.47043037222,10706.107786252918,10308.57111925796,9329.555565589126
2024-10-10,10000.0,9678.684115893411,9069.095767183737,9482.47043037222,10706.107786252918,10269.157867807686,9293.885430982502
2024-10-11,10000.0,9457.084291783949,8856.918320454048,9260.621812135503,10706.107786252918,10264.023288873783,9081.095825273884
2024-10-14,10000.0,9040.7830160691,8852.489861293821,8852.96882360773,10706.107786252918,10264.023288873783,8681.345578759248
2024-10-15,10000.0,9016.445090300987,8824.232578639541,8829.136496510244,10706.107786252918,10231.260369990143,8657.975264054468
2024-10-16,10000.0,9052.310889999417,8859.333791477657,8864.257216253167,10706.107786252918,10271.958486755393,8692.415135146077
2024-10-17,10000.0,8866.576865588382,8677.559243664715,8682.381650312529,10706.107786252918,10061.19990681799,8514.065400529065
2024-10-18,10000.0,9038.220614793643,8845.543892657497,8850.459653930186,10706.107786252918,10255.969782463259,8678.885051729218
2024-10-21,10000.0,9234.202289767012,9037.347631691704,9042.36998464533,10706.107786252918,10478.356712602308,8867.075017634144
2024-10-22,10000.0,9065.119964567464,8871.869802286083,8876.80019373738,10706.107786252918,10286.493370037197,8704.714955047923
2024-10-23,10000.0,8990.826941164898,8867.43386738494,8872.361793640512,10706.107786252918,10202.190603426541,8633.37562425078
2024-10-24,10000.0,9194.493865425145,9063.871882681193,9068.908976038278,10706.107786252918,10433.29824174657,8828.945294413596
2024-10-25,10000.0,8630.885789003398,8508.270729262522,8512.999056684332,10706.107786252918,9793.753396882694,8287.744772987482
2024-10-28,10000.0,8609.110264510746,8486.80455971927,8491.520957680757,10673.743470941228,9769.04398440958,8266.834985312735
2024-10-29,10000.0,8788.44024027263,8663.586876268773,8668.401518009945,10896.080286143031,9972.535677176336,8439.035279186875
2024-10-30,10000.0,8871.70069086955,8745.664483600984,8750.524738582944,10999.308223019387,10067.014081918815,8518.985516173025
2024-10-31,10000.0,8901.161464649082,8774.706721598059,8779.583116312131,10993.808568907876,10100.444202572908,8547.275008105657
2024-11-01,10000.0,9154.785441083279,9024.727577821603,9029.742917393936,10993.808568907876,10388.23977089083,8790.815571193045
2024-11-04,10000.0,9221.393215198967,9090.389085655701,9095.440915499432,10993.808568907876,10463.821829320508,8854.7751977323
2024-11-05,10000.0,9182.965991494828,9052.507780000455,9057.53855794986,10993.808568907876,10420.217179475101,8817.875738026767
2024-11-06,10000.0,9268.787866097458,9137.110422355234,9142.188216790893,10993.808568907876,10415.007070885365,8900.285563626841
2024-11-07,10000.0,9015.163889663261,8887.08956613169,8892.028415709092,10993.808568907876,10415.007070885365,8656.745000539455
2024-11-08,10000.0,8715.427440238047,8591.611335799076,8596.385978352102,10993.808568907876,10415.007070885365,8368.925273488647
2024-11-11,10000.0,8725.675090800383,8601.713402661591,8606.493659267258,11001.23824904351,10422.04559358312,8378.765504776566
2024-11-12,10000.0,8765.383515142252,8640.85770752118,8645.659717911602,11051.302207663693,10469.473787348506,8416.895227997116
2024-11-13,10000.0,8799.968114202951,8674.950978949513,8679.771936098366,11094.906101924613,10510.782025908344,8450.104835573708
2024-11-14,10000.0,8584.772338742638,8462.812391767333,8467.515456487641,11089.358648873651,10253.749743585746,8243.464670607958
2024-11-15,10000.0,8858.891616301506,8733.037381715905,8737.890619399755,11437.906875158596,10581.16092714112,8506.685696271183
2024-11-18,10000.0,8888.352390081036,8762.079619712978,8766.948997128944,11432.187921721017,10616.349210495404,8534.975188203814
2024-11-19,10000.0,8821.744615965348,8696.418111878884,8701.250999023448,11432.187921721017,10536.792127347457,8471.015561664559
2024-11-20,10000.0,8979.298089964834,8851.733295499014,8696.900373523937,11432.187921721017,10724.97578905419,8622.305129447848
2024-11-21,10000.0,9125.323690034002,8995.684376438408,8833.98503793718,11432.187921721017,10899.39042699501,8762.52514084431
2024-11-22,10000.0,8830.711065889956,8705.257179537053,8548.778331624035,11432.187921721017,10547.501757141641,8479.62552943746
2024-11-25,10000.0,8808.934564127556,8683.79004660768,8527.697074971435,11432.187921721017,10521.491655702528,8458.71480334661
2024-11-26,10000.0,8802.530515478406,8677.476977358201,8521.497484483418,11432.187921721017,10513.842587142168,8452.565362603738
2024-11-27,10000.0,8710.30361495688,8586.560302367821,8432.21505604833,11432.187921721017,10403.68572796647,8364.00515784469
2024-11-29,10000.0,8723.112689524927,8599.187404252903,8444.615183093414,11443.283612290124,10418.985032349292,8376.304977746533
2024-12-02,10000.0,8958.803766109912,8831.530125160109,8672.78149421298,11752.47139080945,10700.497135494092,8602.625605288118
2024-12-03,10000.0,8779.473790348025,8654.747808610606,8499.176877374646,11746.595155114048,10486.303372348244,8430.425311413977
2024-12-04,10000.0,8748.731815930765,8624.442571409185,8469.416383252634,11746.595155114048,10449.584808377045,8400.905555966328
2024-12-05,10000.0,8607.82906387302,8485.541560514926,8333.012147549553,11551.536999720882,10444.360015972858,8265.604721797721
2024-12-06,10000.0,8757.698265855373,8633.281639067352,8478.096566791097,11752.658515839703,10444.360015972858,8409.51552373923
2024-12-09,10000.0,8785.877838997176,8661.060877860084,8505.376467862663,11790.474947760971,10444.360015972858,8436.574752156846
2024-12-10,10000.0,9003.636015732945,8875.725463450952,8716.182411905302,11784.579710287091,10444.360015972858,8645.675444152626
2024-12-11,10000.0,8969.0504394025,8841.6312286365,8682.701028207617,11784.579710287091,10444.360015972858,8612.46489815993
2024-12-12,10000.0,9131.728715952899,9001.998409074007,8840.185574494246,11784.579710287091,10444.360015972858,8768.675520003282
2024-12-13,10000.0,9057.434715280588,8928.759869399966,8835.765481707,11784.579710287091,10444.360015972858,8697.335250790036
2024-12-16,10000.0,8976.736665959124,8849.208260476444,8752.62453211006,11784.579710287091,10346.082847859007,8619.845540833921
2024-12-17,10000.0,9040.783016069103,8912.344733287973,8815.071908704103,11784.579710287091,10419.899076294623,8681.34557875925
2024-12-18,10000.0,8954.961141466472,8827.742090933194,8810.664372749752,11784.579710287091,10320.985600514,8598.935753159176
2024-12-19,10000.0,8897.318840005646,8770.918687371148,8749.545564779266,11784.579710287091,10315.825107713745,8543.585155976716
2024-12-20,10000.0,8869.138289594097,8743.138485192296,8721.833057865639,11784.579710287091,10315.825107713745,8516.524989142996
2024-12-23,10000.0,8979.298089964836,8851.733295499012,8830.16324250699,11784.579710287091,10438.795678155639,8622.305129447848
2024-12-24,10000.0,8917.814141130315,8791.122821096173,8769.700464730458,11784.579710287091,10367.318111319204,8563.265618552552
2024-12-26,10000.0,9043.344440074812,8914.86976831054,8893.145863296679,11784.579710287091,10513.252139677596,8683.805167373175
2024-12-27,10000.0,9093.300514979015,8964.116140032644,8888.699290365032,11784.579710287091,10507.995513607757,8731.775121881645
